{
  "type": "reterraforged:warp",
  "domain": {
    "type": "reterraforged:domain",
    "distance": 30.0,
    "x": {
      "type": "reterraforged:perlin",
      "frequency": 0.06666667,
      "gain": 0.5,
      "interpolation": "CURVE3",
      "lacunarity": 2.0,
      "octaves": 2,
      "seed": 1234155
    },
    "z": {
      "type": "reterraforged:perlin",
      "frequency": 0.06666667,
      "gain": 0.5,
      "interpolation": "CURVE3",
      "lacunarity": 2.0,
      "octaves": 2,
      "seed": 1234156
    }
  },
  "input": {
    "type": "reterraforged:warp",
    "domain": {
      "type": "reterraforged:domain",
      "distance": 306.0,
      "x": {
        "type": "reterraforged:perlin",
        "frequency": 0.006535948,
        "gain": 0.5,
        "interpolation": "CURVE3",
        "lacunarity": 2.0,
        "octaves": 2,
        "seed": 1234154
      },
      "z": {
        "type": "reterraforged:perlin",
        "frequency": 0.006535948,
        "gain": 0.5,
        "interpolation": "CURVE3",
        "lacunarity": 2.0,
        "octaves": 2,
        "seed": 1234155
      }
    },
    "input": {
      "type": "reterraforged:shift",
      "input": {
        "type": "reterraforged:worley",
        "cell_function": "CELL_VALUE",
        "distance": 1.0,
        "distance_function": "EUCLIDEAN",
        "frequency": 0.001633987,
        "lookup": 0.0
      },
      "shift": 1234153
    }
  }
}