{
	"credit": "Made with Blockbench",
	"parent": "create:item/potato_cannon/item",
	"texture_size": [32, 32],
	"textures": {
		"2": "create:block/andesite_bricks",
		"particle": "create:block/andesite_bricks"
	},
	"elements": [
		{
			"name": "Cog",
			"from": [5.5, 8, 6.5],
			"to": [10.5, 9, 9.5],
			"rotation": {"angle": 0, "axis": "z", "origin": [8, 8.5, 7.5]},
			"faces": {
				"north": {"uv": [4, 8.5, 9, 9.5], "texture": "#2"},
				"east": {"uv": [11, 8.5, 12, 11.5], "rotation": 90, "texture": "#2"},
				"south": {"uv": [4, 8.5, 9, 9.5], "texture": "#2"},
				"west": {"uv": [11, 8.5, 12, 11.5], "rotation": 90, "texture": "#2"},
				"up": {"uv": [6.5, 8.5, 11.5, 11.5], "rotation": 90, "texture": "#2"},
				"down": {"uv": [6.5, 8.5, 11.5, 11.5], "rotation": 90, "texture": "#2"}
			}
		},
		{
			"name": "Cog",
			"from": [7.5, 6, 6.5],
			"to": [8.5, 11, 9.5],
			"rotation": {"angle": 0, "axis": "z", "origin": [8, 8.5, 7.5]},
			"faces": {
				"north": {"uv": [6.5, 8.5, 11.5, 9.5], "rotation": 270, "texture": "#2"},
				"east": {"uv": [6.5, 8.5, 11.5, 11.5], "rotation": 90, "texture": "#2"},
				"south": {"uv": [6.5, 8.5, 11.5, 9.5], "rotation": 270, "texture": "#2"},
				"west": {"uv": [6.5, 8.5, 11.5, 11.5], "rotation": 90, "texture": "#2"},
				"up": {"uv": [6, 11.5, 9, 12.5], "rotation": 90, "texture": "#2"},
				"down": {"uv": [6, 11.5, 9, 12.5], "rotation": 90, "texture": "#2"}
			}
		},
		{
			"name": "Cog",
			"from": [7.5, 6, 6.5],
			"to": [8.5, 11, 9.5],
			"rotation": {"angle": 45, "axis": "z", "origin": [8, 8.5, 7.5]},
			"faces": {
				"north": {"uv": [6.5, 8.5, 11.5, 9.5], "rotation": 270, "texture": "#2"},
				"east": {"uv": [6.5, 8.5, 11.5, 11.5], "rotation": 90, "texture": "#2"},
				"south": {"uv": [6.5, 8.5, 11.5, 9.5], "rotation": 270, "texture": "#2"},
				"west": {"uv": [6.5, 8.5, 11.5, 11.5], "rotation": 90, "texture": "#2"},
				"up": {"uv": [6, 11.5, 9, 12.5], "rotation": 90, "texture": "#2"},
				"down": {"uv": [6, 11.5, 9, 12.5], "rotation": 90, "texture": "#2"}
			}
		},
		{
			"name": "Cog",
			"from": [5.5, 8, 6.5],
			"to": [10.5, 9, 9.5],
			"rotation": {"angle": 45, "axis": "z", "origin": [8, 8.5, 7.5]},
			"faces": {
				"north": {"uv": [4, 8.5, 9, 9.5], "texture": "#2"},
				"east": {"uv": [11, 8.5, 12, 11.5], "rotation": 90, "texture": "#2"},
				"south": {"uv": [4, 8.5, 9, 9.5], "texture": "#2"},
				"west": {"uv": [11, 8.5, 12, 11.5], "rotation": 90, "texture": "#2"},
				"up": {"uv": [6.5, 8.5, 9.5, 13.5], "rotation": 90, "texture": "#2"},
				"down": {"uv": [6.5, 8.5, 9.5, 13.5], "rotation": 90, "texture": "#2"}
			}
		}
	],
	"display": {
		"thirdperson_righthand": {
			"translation": [0, 1.75, 0]
		},
		"thirdperson_lefthand": {
			"translation": [0, 1.75, 0]
		},
		"firstperson_righthand": {
			"rotation": [5, 4, 5],
			"translation": [0.25, 4, 0.75]
		},
		"firstperson_lefthand": {
			"rotation": [5, 4, 5],
			"translation": [0.25, 4, 0.75]
		},
		"ground": {
			"rotation": [0, 0, 90],
			"translation": [0, -1.3, 0],
			"scale": [0.76914, 0.76914, 0.76914]
		},
		"gui": {
			"rotation": [64, 47, -47],
			"translation": [0.5, 0, 0],
			"scale": [0.86, 0.86, 0.86]
		},
		"head": {
			"translation": [0, 8, 0],
			"scale": [1.4, 1.4, 1.4]
		},
		"fixed": {
			"rotation": [0, 90, 0],
			"translation": [0.5, 0.5, -1],
			"scale": [0.72, 0.72, 0.72]
		}
	},
	"groups": [
		{
			"name": "cog",
			"origin": [8, 8, 8],
			"color": 0,
			"children": [
				{
					"name": "accelerator",
					"origin": [8, 8, 8],
					"color": 0,
					"children": [0, 1, 2, 3]
				}
			]
		}
	]
}