{
	"credit": "Made with Blockbench",
	"texture_size": [32, 32],
	"textures": {
		"1": "create:block/anvil",
		"2": "create:block/fluid_pipe",
		"particle": "create:block/anvil"
	},
	"elements": [
		{
			"from": [6.5, 7, -1.5],
			"to": [9.5, 10, 6.5],
			"rotation": {"angle": 0, "axis": "y", "origin": [7, 7.6, 11]},
			"faces": {
				"east": {"uv": [4, 13.25, 0, 14.75], "texture": "#2"},
				"south": {"uv": [12.5, 12.5, 15.5, 15.5], "texture": "#2"},
				"west": {"uv": [0, 13.25, 4, 14.75], "texture": "#2"},
				"up": {"uv": [0, 12.75, 4, 14.25], "rotation": 90, "texture": "#2"},
				"down": {"uv": [0, 13.75, 4, 15.25], "rotation": 270, "texture": "#2"}
			}
		},
		{
			"from": [6, 6.5, -2.5],
			"to": [10, 10.5, -1.5],
			"rotation": {"angle": 0, "axis": "y", "origin": [7, 7.6, 11]},
			"faces": {
				"north": {"uv": [6.5, 0.5, 10.5, 4.5], "texture": "#2"},
				"east": {"uv": [14.25, 12, 13.25, 16], "texture": "#2"},
				"south": {"uv": [12, 12, 16, 16], "texture": "#2"},
				"west": {"uv": [14.25, 12, 13.25, 16], "texture": "#2"},
				"up": {"uv": [11.75, 14, 15.75, 13], "texture": "#2"},
				"down": {"uv": [11.75, 14.5, 15.75, 13.5], "texture": "#2"}
			}
		},
		{
			"from": [6.5, 7, 9.5],
			"to": [9.5, 10, 10.5],
			"rotation": {"angle": 0, "axis": "y", "origin": [8, 7.6, 11]},
			"faces": {
				"north": {"uv": [6, 6, 9, 9], "texture": "#1"},
				"east": {"uv": [6, 4.5, 10.5, 6], "rotation": 90, "texture": "#1"},
				"south": {"uv": [6, 6, 9, 9], "texture": "#1"},
				"west": {"uv": [6, 4.5, 10.5, 6], "rotation": 90, "texture": "#1"},
				"up": {"uv": [9, 6, 10.5, 10.5], "rotation": 90, "texture": "#1"},
				"down": {"uv": [9, 6, 10.5, 10.5], "rotation": 90, "texture": "#1"}
			}
		},
		{
			"from": [6, 7, 10.5],
			"to": [10, 11, 15.5],
			"rotation": {"angle": 0, "axis": "y", "origin": [8, 9.6, 11]},
			"faces": {
				"north": {"uv": [4, 4, 12, 12], "texture": "#1"},
				"east": {"uv": [3, 4, 13, 12], "rotation": 90, "texture": "#1"},
				"south": {"uv": [4, 4, 12, 12], "texture": "#1"},
				"west": {"uv": [3, 4, 13, 12], "rotation": 90, "texture": "#1"},
				"up": {"uv": [3, 4, 13, 12], "rotation": 180, "texture": "#1"},
				"down": {"uv": [3, 4, 13, 12], "rotation": 180, "texture": "#1"}
			}
		},
		{
			"from": [7, 4, 14.5],
			"to": [9, 6, 15.5],
			"rotation": {"angle": 0, "axis": "y", "origin": [8, 7.6, 11]},
			"faces": {
				"east": {"uv": [0, 10, 0.5, 11], "texture": "#2"},
				"west": {"uv": [0, 10, 0.5, 11], "texture": "#2"},
				"up": {"uv": [0.75, 6.75, 1.25, 7], "rotation": 90, "texture": "#2"},
				"down": {"uv": [1.5, 6.75, 2.5, 7], "rotation": 90, "texture": "#2"}
			}
		},
		{
			"from": [6.5, 3.5, 8.5],
			"to": [9.5, 6.5, 14.5],
			"rotation": {"angle": -45, "axis": "z", "origin": [8, 5, 11.5]},
			"faces": {
				"north": {"uv": [13, 13.25, 14.5, 14.75], "rotation": 90, "texture": "#2"},
				"east": {"uv": [15.5, 13.25, 12.5, 14.75], "texture": "#2"},
				"south": {"uv": [13.5, 13.75, 15, 15.25], "texture": "#2"},
				"west": {"uv": [12.5, 12.5, 15.5, 14], "texture": "#2"},
				"up": {"uv": [12.5, 14.25, 15.5, 12.75], "rotation": 90, "texture": "#2"},
				"down": {"uv": [15.5, 15.75, 12.5, 14.25], "rotation": 90, "texture": "#2"}
			}
		},
		{
			"from": [7, 4, 15.5],
			"to": [9, 10, 17.5],
			"rotation": {"angle": 0, "axis": "y", "origin": [8, 7.6, 11]},
			"faces": {
				"north": {"uv": [1.25, 8, 0.25, 11], "texture": "#2"},
				"east": {"uv": [2, 8, 1, 11], "texture": "#2"},
				"south": {"uv": [3, 8, 2, 11], "texture": "#2"},
				"west": {"uv": [1, 8, 2, 11], "texture": "#2"},
				"up": {"uv": [2, 7, 3, 8], "texture": "#2"},
				"down": {"uv": [2, 7, 3, 8], "rotation": 90, "texture": "#2"}
			}
		}
	],
	"display": {
		"thirdperson_righthand": {
			"translation": [0, 1.75, 0]
		},
		"thirdperson_lefthand": {
			"translation": [0, 1.75, 0]
		},
		"firstperson_righthand": {
			"rotation": [5, 4, 5],
			"translation": [0.25, 4, 0.75]
		},
		"firstperson_lefthand": {
			"rotation": [5, 4, 5],
			"translation": [0.25, 4, 0.75]
		},
		"ground": {
			"rotation": [0, 0, 90],
			"translation": [0, -1.3, 0],
			"scale": [0.76914, 0.76914, 0.76914]
		},
		"gui": {
			"rotation": [64, 47, -47],
			"translation": [0.5, 0, 0],
			"scale": [0.86, 0.86, 0.86]
		},
		"head": {
			"translation": [0, 8, 0],
			"scale": [1.4, 1.4, 1.4]
		},
		"fixed": {
			"rotation": [0, 90, 0],
			"translation": [0.5, 0.5, -1],
			"scale": [0.72, 0.72, 0.72]
		}
	}
}