{
  "biomes": "terraforged:trees/temperate",
  "density": 0.6,
  "frequency": 0.2,
  "jitter": 0.8,
  "viability": {
    "type": "Sum",
    "initial": 0.7,
    "amounts": [0.25, -1, -0.6000000002749595, -0.799999999450081, -0.5],
    "rules": [
      {
        "type": "Saturation",
        "max": 1,
        "min": 0.95
      },
      {
        "type": "Height",
        "max": 150,
        "mid": 45,
        "min": -100
      },
      {
        "type": "Slope",
        "max": 0.65,
        "normalize": 55
      },
      {
        "type": "BiomeEdgeViability",
        "distance": 0.7
      },
      {
        "type": "Noise",
        "noise": {
          "type": "Map",
          "max": {
            "type": "Const",
            "value": 1
          },
          "min": {
            "type": "Const",
            "value": 0
          },
          "source": {
            "type": "Clamp",
            "max": {
              "type": "Const",
              "value": 0.6
            },
            "min": {
              "type": "Const",
              "value": 0.4
            },
            "source": {
              "interpolation": "CURVE3",
              "type": "Simplex",
              "frequency": 0.008,
              "gain": 0.5,
              "lacunarity": 2,
              "octaves": 2,
              "seed": 393417
            }
          }
        }
      }
    ]
  }
}