{
  "caves": {
    "caveCarverProbability": 0.14285715,
    "cheeseCaveDepthOffset": 1.5625,
    "cheeseCaveProbability": 1.0,
    "deepCaveCarverProbability": 0.07,
    "entranceCaveProbability": 0.0010309279,
    "largeOreVeins": true,
    "legacyCarverDistribution": false,
    "noodleCaveProbability": 1.0,
    "ravineCarverProbability": 0.02,
    "spaghettiCaveProbability": 1.0
  },
  "climate": {
    "biomeEdgeShape": {
      "type": "SIMPLEX",
      "gain": 0.5,
      "lacunarity": 2.65,
      "octaves": 2,
      "scale": 24,
      "strength": 14
    },
    "biomeShape": {
      "biomeSize": 185,
      "biomeWarpScale": 150,
      "biomeWarpStrength": 80,
      "macroNoiseSize": 8
    },
    "moisture": {
      "bias": 0.0,
      "falloff": 1,
      "max": 1.0,
      "min": 0.0,
      "scale": 6,
      "seedOffset": 0
    },
    "temperature": {
      "bias": 0.0,
      "falloff": 1,
      "max": 1.0,
      "min": 0.0,
      "scale": 7,
      "seedOffset": 0
    }
  },
  "filters": {
    "erosion": {
      "depositeRate": 0.5,
      "dropletLifetime": 12,
      "dropletVelocity": 0.657,
      "dropletVolume": 0.648,
      "dropletsPerChunk": 175,
      "erosionRate": 0.5
    },
    "smoothing": {
      "iterations": 1,
      "smoothingRadius": 1.855,
      "smoothingRate": 0.916
    }
  },
  "miscellaneous": {
    "customBiomeFeatures": false,
    "erosionDecorator": false,
    "mountainBiomeUsage": 0.853,
    "naturalSnowDecorator": false,
    "oreCompatibleStoneOnly": false,
    "plainStoneErosion": false,
    "smoothLayerDecorator": false,
    "strataDecorator": false,
    "strataRegionSize": 684,
    "vanillaLavaLakes": false,
    "vanillaLavaSprings": false,
    "vanillaSprings": false,
    "volcanoBiomeUsage": 0.855
  },
  "rivers": {
    "branchRivers": {
      "bankWidth": 28,
      "bedDepth": 8,
      "bedWidth": 8,
      "fade": 0.75,
      "maxBankHeight": 2,
      "minBankHeight": 1
    },
    "lakes": {
      "chance": 0.671,
      "depth": 8,
      "maxBankHeight": 7,
      "maxStartDistance": 0.028,
      "minBankHeight": 2,
      "minStartDistance": 0.0,
      "sizeMax": 150,
      "sizeMin": 75
    },
    "mainRivers": {
      "bankWidth": 40,
      "bedDepth": 10,
      "bedWidth": 10,
      "fade": 0.75,
      "maxBankHeight": 3,
      "minBankHeight": 1
    },
    "riverCount": 12,
    "seedOffset": 0,
    "wetlands": {
      "chance": 0.865,
      "sizeMax": 201,
      "sizeMin": 134
    }
  },
  "structures": {
    "structures": {
      "bakery:bakery": {
        "disabled": false,
        "salt": 246813,
        "separation": 64,
        "spacing": 128
      },
      "bakery:oat_field": {
        "disabled": false,
        "salt": 678912,
        "separation": 60,
        "spacing": 136
      },
      "berries_and_cherries:cherry_tree_structure": {
        "disabled": false,
        "salt": 941482855,
        "separation": 6,
        "spacing": 12
      },
      "berries_and_cherries:raspberry_bush_structure": {
        "disabled": false,
        "salt": 919121181,
        "separation": 6,
        "spacing": 12
      },
      "betterarcheology:archeology_sites": {
        "disabled": false,
        "salt": 990880770,
        "separation": 16,
        "spacing": 32
      },
      "betterarcheology:fossil_sites": {
        "disabled": false,
        "salt": 990880771,
        "separation": 12,
        "spacing": 512
      },
      "betterarcheology:underwater_ruins": {
        "disabled": false,
        "salt": 990880772,
        "separation": 12,
        "spacing": 16
      },
      "betterdeserttemples:desert_temples": {
        "disabled": false,
        "salt": 92746251,
        "separation": 20,
        "spacing": 30
      },
      "betterdungeons:skeleton_dungeons": {
        "disabled": false,
        "salt": 732581671,
        "separation": 23,
        "spacing": 46
      },
      "betterdungeons:small_dungeons": {
        "disabled": false,
        "salt": 34239823,
        "separation": 6,
        "spacing": 10
      },
      "betterdungeons:spider_dungeons": {
        "disabled": false,
        "salt": 596523129,
        "separation": 32,
        "spacing": 48
      },
      "betterdungeons:zombie_dungeons": {
        "disabled": false,
        "salt": 280667671,
        "separation": 24,
        "spacing": 48
      },
      "betterjungletemples:jungle_temples": {
        "disabled": false,
        "salt": 996971851,
        "separation": 8,
        "spacing": 24
      },
      "bettermineshafts:mineshafts": {
        "disabled": false,
        "salt": 593751784,
        "separation": 64,
        "spacing": 512
      },
      "betteroceanmonuments:ocean_monument": {
        "disabled": false,
        "salt": 784827271,
        "separation": 512,
        "spacing": 1000
      },
      "betterstrongholds:stronghold": {
        "disabled": true,
        "salt": 596441294,
        "separation": 50,
        "spacing": 85
      },
      "betterwitchhuts:witch_circle": {
        "disabled": false,
        "salt": 19797254,
        "separation": 10,
        "spacing": 40
      },
      "betterwitchhuts:witch_hut": {
        "disabled": false,
        "salt": 79297177,
        "separation": 8,
        "spacing": 30
      },
      "bloomingnature:beach_ruin": {
        "disabled": false,
        "salt": 66293,
        "separation": 9,
        "spacing": 15
      },
      "bloomingnature:cave": {
        "disabled": false,
        "salt": 10000079,
        "separation": 11,
        "spacing": 12
      },
      "bloomingnature:cottage": {
        "disabled": false,
        "salt": 51511,
        "separation": 64,
        "spacing": 128
      },
      "bloomingnature:little_house": {
        "disabled": false,
        "salt": 66293,
        "separation": 22,
        "spacing": 25
      },
      "bloomingnature:oasis": {
        "disabled": false,
        "salt": 64439,
        "separation": 14,
        "spacing": 24
      },
      "bloomingnature:swamp_hut": {
        "disabled": false,
        "salt": 992963,
        "separation": 12,
        "spacing": 24
      },
      "bloomingnature:swamp_ruin_1": {
        "disabled": false,
        "salt": 1000003,
        "separation": 6,
        "spacing": 7
      },
      "bloomingnature:swamp_ruin_2": {
        "disabled": false,
        "salt": 10000019,
        "separation": 6,
        "spacing": 12
      },
      "bloomingnature:swamp_ruin_3": {
        "disabled": false,
        "salt": 1000191,
        "separation": 6,
        "spacing": 14
      },
      "bloomingnature:tree_house": {
        "disabled": false,
        "salt": 100000123,
        "separation": 12,
        "spacing": 24
      },
      "bloomingnature:tree_stump": {
        "disabled": false,
        "salt": 65003,
        "separation": 18,
        "spacing": 24
      },
      "brewery:brewfest_tent": {
        "disabled": false,
        "salt": 99761,
        "separation": 64,
        "spacing": 512
      },
      "iceandfire:gorgon_temple": {
        "disabled": false,
        "salt": 76489509,
        "separation": 512,
        "spacing": 1000
      },
      "iceandfire:graveyard": {
        "disabled": false,
        "salt": 44712661,
        "separation": 128,
        "spacing": 512
      },
      "iceandfire:mausoleum": {
        "disabled": false,
        "salt": 14200531,
        "separation": 512,
        "spacing": 1000
      },
      "idas:idas_common": {
        "disabled": false,
        "salt": 169480670,
        "separation": 64,
        "spacing": 512
      },
      "idas:idas_ocean": {
        "disabled": false,
        "salt": 169480681,
        "separation": 256,
        "spacing": 1000
      },
      "idas:idas_rare": {
        "disabled": false,
        "salt": 169480678,
        "separation": 64,
        "spacing": 1000
      },
      "idas:idas_small": {
        "disabled": false,
        "salt": 169480673,
        "separation": 128,
        "spacing": 512
      },
      "idas:idas_underground": {
        "disabled": false,
        "salt": 18918169,
        "separation": 15,
        "spacing": 1000
      },
      "idas:idas_underground_rare": {
        "disabled": false,
        "salt": 169481691,
        "separation": 40,
        "spacing": 60
      },
      "integrated_stronghold:stronghold": {
        "disabled": false,
        "salt": 68173563,
        "separation": 512,
        "spacing": 1000
      },
      "letsdoaddon-structures:barn": {
        "disabled": false,
        "salt": 2969420,
        "separation": 16,
        "spacing": 256
      },
      "letsdoaddon-structures:bear_den_tree": {
        "disabled": false,
        "salt": 4930825,
        "separation": 10,
        "spacing": 16
      },
      "letsdoaddon-structures:illager_camp": {
        "disabled": false,
        "salt": 6942098,
        "separation": 12,
        "spacing": 30
      },
      "letsdoaddon-structures:illager_mine": {
        "disabled": false,
        "salt": 20983156,
        "separation": 12,
        "spacing": 30
      },
      "letsdoaddon-structures:meadow_pillager_outpost": {
        "disabled": false,
        "salt": 20983156,
        "separation": 12,
        "spacing": 30
      },
      "letsdoaddon-structures:vinery": {
        "disabled": false,
        "salt": 2969420,
        "separation": 16,
        "spacing": 42
      },
      "meadow:chalet": {
        "disabled": false,
        "salt": 22427392,
        "separation": 16,
        "spacing": 42
      },
      "meadow:observation_post": {
        "disabled": false,
        "salt": 6942069,
        "separation": 10,
        "spacing": 20
      },
      "minecolonies:empty_colony": {
        "disabled": false,
        "salt": 1225566777,
        "separation": 256,
        "spacing": 1000
      },
      "minecraft:ancient_cities": {
        "disabled": false,
        "salt": 20083232,
        "separation": 8,
        "spacing": 24
      },
      "minecraft:buried_treasures": {
        "disabled": false,
        "salt": 0,
        "separation": 0,
        "spacing": 1
      },
      "minecraft:desert_pyramids": {
        "disabled": false,
        "salt": 14357617,
        "separation": 8,
        "spacing": 32
      },
      "minecraft:igloos": {
        "disabled": false,
        "salt": 14357618,
        "separation": 8,
        "spacing": 32
      },
      "minecraft:jungle_temples": {
        "disabled": true,
        "salt": 14357619,
        "separation": 8,
        "spacing": 32
      },
      "minecraft:mineshafts": {
        "disabled": true,
        "salt": 0,
        "separation": 0,
        "spacing": 1
      },
      "minecraft:ocean_monuments": {
        "disabled": true,
        "salt": 10387313,
        "separation": 5,
        "spacing": 32
      },
      "minecraft:ocean_ruins": {
        "disabled": false,
        "salt": 14357621,
        "separation": 128,
        "spacing": 1000
      },
      "minecraft:pillager_outposts": {
        "disabled": false,
        "salt": 165745296,
        "separation": 8,
        "spacing": 512
      },
      "minecraft:ruined_portals": {
        "disabled": false,
        "salt": 34222645,
        "separation": 15,
        "spacing": 40
      },
      "minecraft:shipwrecks": {
        "disabled": false,
        "salt": 165745295,
        "separation": 4,
        "spacing": 24
      },
      "minecraft:swamp_huts": {
        "disabled": true,
        "salt": 14357620,
        "separation": 8,
        "spacing": 32
      },
      "minecraft:trail_ruins": {
        "disabled": false,
        "salt": 83469867,
        "separation": 8,
        "spacing": 34
      },
      "minecraft:village_meadow": {
        "disabled": false,
        "salt": 2118350700,
        "separation": 92,
        "spacing": 128
      },
      "minecraft:villages": {
        "disabled": false,
        "salt": 10387312,
        "separation": 8,
        "spacing": 34
      },
      "minecraft:woodland_mansions": {
        "disabled": false,
        "salt": 10387319,
        "separation": 256,
        "spacing": 1000
      },
      "mna:boss_structures": {
        "disabled": false,
        "salt": 80248143,
        "separation": 256,
        "spacing": 1000
      },
      "mna:faction_strongholds": {
        "disabled": false,
        "salt": 7346154,
        "separation": 256,
        "spacing": 1000
      },
      "mna:manaweave_caches": {
        "disabled": false,
        "salt": 1567486,
        "separation": 32,
        "spacing": 512
      },
      "mna:scatter": {
        "disabled": false,
        "salt": 64916713,
        "separation": 8,
        "spacing": 256
      },
      "supplementaries:way_signs": {
        "disabled": false,
        "salt": 431041527,
        "separation": 10,
        "spacing": 19
      },
      "tetra:forged_ruins": {
        "disabled": false,
        "salt": 746218233,
        "separation": 256,
        "spacing": 1000
      },
      "vsrevamped:village_cherry": {
        "disabled": false,
        "salt": 1218123376,
        "separation": 18,
        "spacing": 32
      }
    }
  },
  "surface": {
    "erosion": {
      "dirtMin": 95,
      "dirtSteepness": 0.475,
      "dirtVariance": 40,
      "rockMin": 140,
      "rockSteepness": 0.65,
      "rockVariance": 30,
      "screeSteepness": 0.4
    }
  },
  "terrain": {
    "badlands": {
      "baseScale": 1.0,
      "horizontalScale": 1.0,
      "verticalScale": 1.0,
      "weight": 1.493
    },
    "dales": {
      "baseScale": 1.0,
      "horizontalScale": 1.0,
      "verticalScale": 1.0,
      "weight": 1.184
    },
    "general": {
      "fancyMountains": true,
      "globalHorizontalScale": 1.175,
      "globalVerticalScale": 1.0,
      "terrainRegionSize": 1356,
      "terrainSeedOffset": 0
    },
    "hills": {
      "baseScale": 1.0,
      "horizontalScale": 1.0,
      "verticalScale": 1.0,
      "weight": 2.706
    },
    "mountains": {
      "baseScale": 1.0,
      "horizontalScale": 1.0,
      "verticalScale": 2.0,
      "weight": 2.911
    },
    "plains": {
      "baseScale": 1.0,
      "horizontalScale": 1.0,
      "verticalScale": 1.0,
      "weight": 2.164
    },
    "plateau": {
      "baseScale": 1.0,
      "horizontalScale": 1.0,
      "verticalScale": 1.0,
      "weight": 2.576
    },
    "steppe": {
      "baseScale": 1.0,
      "horizontalScale": 1.0,
      "verticalScale": 1.0,
      "weight": 1.519
    },
    "torridonian": {
      "baseScale": 1.0,
      "horizontalScale": 1.0,
      "verticalScale": 1.0,
      "weight": 3.555
    },
    "volcano": {
      "baseScale": 1.0,
      "horizontalScale": 1.0,
      "verticalScale": 1.5,
      "weight": 7.5
    }
  },
  "world": {
    "continent": {
      "continentJitter": 0.8,
      "continentScale": 3000,
      "continentType": "MULTI_IMPROVED"
    },
    "controlPoints": {
      "beach": 0.326,
      "coast": 0.448,
      "deepOcean": 0.1,
      "inland": 0.5,
      "shallowOcean": 0.25
    },
    "properties": {
      "seaLevel": 63,
      "spawnType": "CONTINENT_CENTER",
      "worldHeight": 1024
    }
  }
}