{
  "name": "minecraft:council/village/streets",
  "fallback": "mna_villages:council/village/terminators",
  "elements": [
    {
      "weight": 2,
      "element": {
        "element_type": "minecraft:legacy_single_pool_element",
        "projection": "terrain_matching",
        "processors": "minecraft:empty",
        "location": "mna_villages:council/village/streets/crossroad_1"
      }
    },
    {
      "weight": 2,
      "element": {
        "element_type": "minecraft:legacy_single_pool_element",
        "projection": "terrain_matching",
        "processors": "minecraft:empty",
        "location": "mna_villages:council/village/streets/crossroad_2"
      }
    },
    {
      "weight": 1,
      "element": {
        "element_type": "minecraft:legacy_single_pool_element",
        "projection": "terrain_matching",
        "processors": "minecraft:empty",
        "location": "mna_villages:council/village/streets/corner_1"
      }
    },
    {
      "weight": 1,
      "element": {
        "element_type": "minecraft:legacy_single_pool_element",
        "projection": "terrain_matching",
        "processors": "minecraft:empty",
        "location": "mna_villages:council/village/streets/corner_2"
      }
    },
    {
      "weight": 10,
      "element": {
        "element_type": "minecraft:legacy_single_pool_element",
        "projection": "terrain_matching",
        "processors": "minecraft:empty",
        "location": "mna_villages:council/village/streets/straight_1"
      }
    }
  ]
}