{
  "name": "mna_villages:council/village/terminators",
  "fallback": "minecraft:empty",
  "elements": [
    {
      "weight": 1,
      "element": {
        "element_type": "minecraft:legacy_single_pool_element",
        "projection": "terrain_matching",
        "processors": "minecraft:empty",
        "location": "mna_villages:council/village/streets/end_1"
      }
    },
    {
      "weight": 1,
      "element": {
        "element_type": "minecraft:legacy_single_pool_element",
        "projection": "terrain_matching",
        "processors": "minecraft:empty",
        "location": "mna_villages:council/village/streets/end_2"
      }
    }
  ]
}