{
  "name": "mna_villages:undead/village/graves",
  "fallback": "minecraft:empty",
  "elements": [
    {
      "weight": 3,
      "element": {
        "element_type": "minecraft:single_pool_element",
        "projection": "terrain_matching",
        "processors": "minecraft:empty",
        "location": "mna_villages:undead/village/paths/small"
      }
    },
    {
      "weight": 3,
      "element": {
        "element_type": "minecraft:single_pool_element",
        "projection": "terrain_matching",
        "processors": "minecraft:empty",
        "location": "mna_villages:undead/village/paths/tiny"
      }
    }
  ]
}