{
  "name": "mna_villages:undead/village/job_blocks",
  "fallback": "minecraft:empty",
  "elements": [
    {
      "weight": 4,
      "element": {
        "element_type": "minecraft:single_pool_element",
        "projection": "rigid",
        "processors": "minecraft:empty",
        "location": "mna_villages:decorations/job_blocks/composter"
      }
    },
    {
      "weight": 1,
      "element": {
        "element_type": "minecraft:single_pool_element",
        "projection": "rigid",
        "processors": "minecraft:empty",
        "location": "mna_villages:decorations/job_blocks/stonecutter"
      }
    },
    {
      "weight": 1,
      "element": {
        "element_type": "minecraft:single_pool_element",
        "projection": "rigid",
        "processors": "minecraft:empty",
        "location": "mna_villages:decorations/job_blocks/lectern"
      }
    },
    {
      "weight": 1,
      "element": {
        "element_type": "minecraft:single_pool_element",
        "projection": "rigid",
        "processors": "minecraft:empty",
        "location": "mna_villages:decorations/job_blocks/cauldron"
      }
    },
    {
      "weight": 1,
      "element": {
        "element_type": "minecraft:single_pool_element",
        "projection": "rigid",
        "processors": "minecraft:empty",
        "location": "mna_villages:decorations/job_blocks/grindstone"
      }
    },
    {
      "weight": 1,
      "element": {
        "element_type": "minecraft:single_pool_element",
        "projection": "rigid",
        "processors": "minecraft:empty",
        "location": "mna_villages:decorations/job_blocks/fletching_table"
      }
    },
    {
      "weight": 1,
      "element": {
        "element_type": "minecraft:single_pool_element",
        "projection": "rigid",
        "processors": "minecraft:empty",
        "location": "mna_villages:decorations/job_blocks/smithing_table"
      }
    },
    {
      "weight": 1,
      "element": {
        "element_type": "minecraft:single_pool_element",
        "projection": "rigid",
        "processors": "minecraft:empty",
        "location": "mna_villages:decorations/job_blocks/cartography_table"
      }
    },
    {
      "weight": 1,
      "element": {
        "element_type": "minecraft:single_pool_element",
        "projection": "rigid",
        "processors": "minecraft:empty",
        "location": "mna_villages:decorations/job_blocks/runeforge"
      }
    },
    {
      "weight": 1,
      "element": {
        "element_type": "minecraft:single_pool_element",
        "projection": "rigid",
        "processors": "minecraft:empty",
        "location": "mna_villages:decorations/job_blocks/manaweaving_altar"
      }
    },
    {
      "weight": 1,
      "element": {
        "element_type": "minecraft:single_pool_element",
        "projection": "rigid",
        "processors": "minecraft:empty",
        "location": "mna_villages:decorations/job_blocks/runescribing_table"
      }
    },
    {
      "weight": 1,
      "element": {
        "element_type": "minecraft:single_pool_element",
        "projection": "rigid",
        "processors": "minecraft:empty",
        "location": "mna_villages:decorations/job_blocks/loom"
      }
    },
    {
      "weight": 1,
      "element": {
        "element_type": "minecraft:single_pool_element",
        "projection": "rigid",
        "processors": "minecraft:empty",
        "location": "mna_villages:decorations/job_blocks/blast_furnace"
      }
    },
    {
      "weight": 1,
      "element": {
        "element_type": "minecraft:single_pool_element",
        "projection": "rigid",
        "processors": "minecraft:empty",
        "location": "mna_villages:decorations/job_blocks/smoker"
      }
    },
    {
      "weight": 1,
      "element": {
        "element_type": "minecraft:single_pool_element",
        "projection": "rigid",
        "processors": "minecraft:empty",
        "location": "mna_villages:decorations/job_blocks/barrel"
      }
    },
    {
      "weight": 1,
      "element": {
        "element_type": "minecraft:single_pool_element",
        "projection": "rigid",
        "processors": "minecraft:empty",
        "location": "mna_villages:decorations/job_blocks/brewing_stand"
      }
    }
  ]
}