{
  "name": "mna_villages:undead/village/tombstones",
  "fallback": "minecraft:empty",
  "elements": [
    {
      "weight": 1,
      "element": {
        "element_type": "minecraft:single_pool_element",
        "projection": "rigid",
        "processors": "minecraft:empty",
        "location": "mna_villages:undead/village/tombstones/wide"
      }
    },
    {
      "weight": 2,
      "element": {
        "element_type": "minecraft:single_pool_element",
        "projection": "rigid",
        "processors": "minecraft:empty",
        "location": "mna_villages:undead/village/tombstones/medium"
      }
    },
    {
      "weight": 3,
      "element": {
        "element_type": "minecraft:single_pool_element",
        "projection": "rigid",
        "processors": "minecraft:empty",
        "location": "mna_villages:undead/village/tombstones/tiny"
      }
    },
    {
      "weight": 2,
      "element": {
        "element_type": "minecraft:single_pool_element",
        "projection": "rigid",
        "processors": "minecraft:empty",
        "location": "mna_villages:undead/village/tombstones/cross"
      }
    },
    {
      "weight": 1,
      "element": {
        "element_type": "minecraft:single_pool_element",
        "projection": "rigid",
        "processors": "minecraft:empty",
        "location": "mna_villages:undead/village/tombs/small_mausoleum"
      }
    },
    {
      "weight": 1,
      "element": {
        "element_type": "minecraft:single_pool_element",
        "projection": "rigid",
        "processors": "minecraft:empty",
        "location": "mna_villages:undead/village/tombstones/mausoleum"
      }
    }
  ]
}