{
  "name": "mna_villages:undead/village/yards",
  "fallback": "minecraft:empty",
  "elements": [
    {
      "weight": 3,
      "element": {
        "element_type": "minecraft:single_pool_element",
        "projection": "rigid",
        "processors": "minecraft:empty",
        "location": "mna_villages:undead/village/rooms/large_yard"
      }
    },
    {
      "weight": 3,
      "element": {
        "element_type": "minecraft:single_pool_element",
        "projection": "rigid",
        "processors": "minecraft:empty",
        "location": "mna_villages:undead/village/rooms/tall_yard"
      }
    }
  ]
}