{
  "configVersion": 4,
  "animationSmoothingSpeed": 20.0,
  "holdingItems": [
    "minecraft:clock",
    "minecraft:compass",
    "minecraft:torch",
    "minecraft:lantern"
  ],
  "enableAnimationSmoothing": true,
  "enableInWorldMapRendering": true,
  "enableOffhandHiding": true,
  "enableRotationLocking": true,
  "enableLadderAnimation": true,
  "enableRotateToLadder": true,
  "enableEatDrinkAnimation": true,
  "enableRowBoatAnimation": true,
  "enableHorseAnimation": true,
  "dontHoldItemsInBed": true,
  "freezeArmsInBed": true,
  "keepBodyRotatedWithHead": true,
  "showLastUsedSword": true,
  "sheathSwords": [
    "minecraft:golden_sword",
    "minecraft:iron_sword",
    "minecraft:wooden_sword",
    "minecraft:stone_sword",
    "minecraft:diamond_sword",
    "minecraft:netherite_sword"
  ],
  "showLastUsedToolsOnBack": false,
  "backTools": [
    "minecraft:netherite_pickaxe",
    "minecraft:netherite_shovel",
    "minecraft:diamond_hoe",
    "minecraft:netherite_axe",
    "minecraft:wooden_axe",
    "minecraft:stone_hoe",
    "minecraft:golden_hoe",
    "minecraft:diamond_axe",
    "minecraft:stone_shovel",
    "minecraft:iron_hoe",
    "minecraft:wooden_pickaxe",
    "minecraft:stone_pickaxe",
    "minecraft:wooden_hoe",
    "minecraft:golden_pickaxe",
    "minecraft:golden_shovel",
    "minecraft:stone_axe",
    "minecraft:golden_axe",
    "minecraft:iron_axe",
    "minecraft:iron_pickaxe",
    "minecraft:diamond_pickaxe",
    "minecraft:wooden_shovel",
    "minecraft:diamond_shovel",
    "minecraft:iron_shovel",
    "minecraft:netherite_hoe"
  ],
  "enableCrawlingAnimation": true
}