{
  "requiredReviveProgress": 100.0,
  "progressPerPlayer": 1.0,
  "maxDistance": 3,
  "bleedTime": 1200,
  "haltBleedTime": true,
  "reviveItem": "{id:\"item\",item:\"minecraft:paper\"}",
  "needReviveItem": false,
  "consumeReviveItem": false,
  "healthAfterRevive": 2,
  "affectFood": true,
  "foodAfterRevive": 6,
  "exhaustion": 0.5,
  "banPlayerAfterDeath": false,
  "disableBleedingMessage": false,
  "sounds": {
    "death": {
      "sound": "playerrevive:death",
      "volume": 1.0,
      "pitch": 1.0
    },
    "revived": {
      "sound": "playerrevive:revived",
      "volume": 1.0,
      "pitch": 1.0
    }
  },
  "bypassDamageSources": [
    "gorgon",
    "death.attack.sgcraft:transient",
    "death.attack.sgcraft:iris"
  ]
}