{
  "processors": [
    {
      "rules": [
        {
          "output_state": {
            "Name": "minercaft:air"
          },
          "input_predicate": {
            "block": "quark:spruce_chest",
            "probability": 0.05,
            "predicate_type": "minecraft:random_block_match"
          },
          "location_predicate": {
            "predicate_type": "minecraft:always_true"
          }
        },
        {
          "output_state": {
            "Name": "minercaft:air"
          },
          "input_predicate": {
            "block": "minecraft:spawner",
            "probability": 0.05,
            "predicate_type": "minecraft:random_block_match"
          },
          "location_predicate": {
            "predicate_type": "minecraft:always_true"
          }
        },
        {
          "output_state": {
            "Name": "minecraft:barrel"
          },
          "output_nbt": {
            "LootTable": "integrated_stronghold:chests/maze"
          },
          "input_predicate": {
            "block": "minecraft:barrel",
            "probability": 1,
            "predicate_type": "minecraft:random_block_match"
          },
          "location_predicate": {
            "predicate_type": "minecraft:always_true"
          }
        },
        {
          "output_state": {
            "Name": "quark:spruce_chest"
          },
          "output_nbt": {
            "LootTable": "integrated_stronghold:chests/maze"
          },
          "input_predicate": {
            "block": "quark:spruce_chest",
            "probability": 1,
            "predicate_type": "minecraft:random_block_match"
          },
          "location_predicate": {
            "predicate_type": "minecraft:always_true"
          }
        },
        {
          "output_state": {
            "Name": "minecraft:spawner"
          },
          "input_predicate": {
            "block": "quark:monster_box",
            "probability": 0.1,
            "predicate_type": "minecraft:random_block_match"
          },
          "location_predicate": {
            "predicate_type": "minecraft:always_true"
          }
        }
      ],
      "processor_type": "minecraft:rule"
    },
    {
      "processor_type": "integrated_api:waterlogging_fix_processor"
    },
    {
      "processor_type": "integrated_api:remove_floating_blocks_processor"
    },
    {
      "processor_type": "integrated_api:spawner_randomizing_processor",
      "integrated_api_spawner_resourcelocation": "integrated_stronghold:maze"
    }
  ]
}