{
  "processors": [
    {
      "rules": [
        {
          "output_state": {
            "Name": "quark:warped_chest"
          },
          "output_nbt": {
            "LootTable": "integrated_stronghold:chests/secret_lab"
          },
          "input_predicate": {
            "block": "quark:warped_chest",
            "probability": 1,
            "predicate_type": "minecraft:random_block_match"
          },
          "location_predicate": {
            "predicate_type": "minecraft:always_true"
          }
        }
      ],
      "processor_type": "minecraft:rule"
    },
    {
      "processor_type": "integrated_api:waterlogging_fix_processor"
    },
    {
      "processor_type": "integrated_api:remove_floating_blocks_processor"
    },
    {
      "processor_type": "integrated_api:spawner_randomizing_processor",
      "integrated_api_spawner_resourcelocation": "integrated_stronghold:enchanting"
    }
  ]
}