{
  "type": "integrated_stronghold:stronghold",
  "config": {
    "start_pool": "integrated_stronghold:fountain/fountain",
    "size": 30,
    "max_y": 15,
    "min_y": 14,
    "max_distance_from_center": 128,
    "do_not_remove_out_of_bounds_pieces": true,
    "rotation_fixed": false,
    "vertical_distance_from_start_piece": 128,
    "distance_from_origin": 2817
  },
  "biomes": "#integrated_stronghold:has_structure/integrated_stronghold",
  "adapt_noise": false,
  "spawn_overrides": {
    "monster": {
      "bounding_box": "piece",
      "spawns": [
        {
          "type": "minecraft:silverfish",
          "weight": 3,
          "minCount": 1,
          "maxCount": 1
        },
        {
          "type": "minecraft:enderman",
          "weight": 1,
          "minCount": 1,
          "maxCount": 1
        }
      ]
    }
  }
}