{
  "name": "mna_villages:general/villagers",
  "fallback": "minecraft:empty",
  "elements": [
    {
      "weight": 10,
      "element": {
        "element_type": "minecraft:single_pool_element",
        "projection": "rigid",
        "processors": "minecraft:empty",
        "location": "mna_villages:general/villagers/armorer"
      }
    },
    {
      "weight": 10,
      "element": {
        "element_type": "minecraft:single_pool_element",
        "projection": "rigid",
        "processors": "minecraft:empty",
        "location": "mna_villages:general/villagers/butcher"
      }
    },
    {
      "weight": 10,
      "element": {
        "element_type": "minecraft:single_pool_element",
        "projection": "rigid",
        "processors": "minecraft:empty",
        "location": "mna_villages:general/villagers/cartographer"
      }
    },
    {
      "weight": 10,
      "element": {
        "element_type": "minecraft:single_pool_element",
        "projection": "rigid",
        "processors": "minecraft:empty",
        "location": "mna_villages:general/villagers/cleric"
      }
    },
    {
      "weight": 10,
      "element": {
        "element_type": "minecraft:single_pool_element",
        "projection": "rigid",
        "processors": "minecraft:empty",
        "location": "mna_villages:general/villagers/farmer"
      }
    },
    {
      "weight": 10,
      "element": {
        "element_type": "minecraft:single_pool_element",
        "projection": "rigid",
        "processors": "minecraft:empty",
        "location": "mna_villages:general/villagers/fisher"
      }
    },
    {
      "weight": 10,
      "element": {
        "element_type": "minecraft:single_pool_element",
        "projection": "rigid",
        "processors": "minecraft:empty",
        "location": "mna_villages:general/villagers/fletcher"
      }
    },
    {
      "weight": 10,
      "element": {
        "element_type": "minecraft:single_pool_element",
        "projection": "rigid",
        "processors": "minecraft:empty",
        "location": "mna_villages:general/villagers/leatherworker"
      }
    },
    {
      "weight": 10,
      "element": {
        "element_type": "minecraft:single_pool_element",
        "projection": "rigid",
        "processors": "minecraft:empty",
        "location": "mna_villages:general/villagers/librarian"
      }
    },
    {
      "weight": 10,
      "element": {
        "element_type": "minecraft:single_pool_element",
        "projection": "rigid",
        "processors": "minecraft:empty",
        "location": "mna_villages:general/villagers/manaweaver"
      }
    },
    {
      "weight": 10,
      "element": {
        "element_type": "minecraft:single_pool_element",
        "projection": "rigid",
        "processors": "minecraft:empty",
        "location": "mna_villages:general/villagers/mason"
      }
    },
    {
      "weight": 1,
      "element": {
        "element_type": "minecraft:single_pool_element",
        "projection": "rigid",
        "processors": "minecraft:empty",
        "location": "mna_villages:general/villagers/nitwit"
      }
    },
    {
      "weight": 10,
      "element": {
        "element_type": "minecraft:single_pool_element",
        "projection": "rigid",
        "processors": "minecraft:empty",
        "location": "mna_villages:general/villagers/runesmith"
      }
    },
    {
      "weight": 10,
      "element": {
        "element_type": "minecraft:single_pool_element",
        "projection": "rigid",
        "processors": "minecraft:empty",
        "location": "mna_villages:general/villagers/sheperd"
      }
    },
    {
      "weight": 10,
      "element": {
        "element_type": "minecraft:single_pool_element",
        "projection": "rigid",
        "processors": "minecraft:empty",
        "location": "mna_villages:general/villagers/spellmonger"
      }
    },
    {
      "weight": 10,
      "element": {
        "element_type": "minecraft:single_pool_element",
        "projection": "rigid",
        "processors": "minecraft:empty",
        "location": "mna_villages:general/villagers/toolsmith"
      }
    },
    {
      "weight": 50,
      "element": {
        "element_type": "minecraft:single_pool_element",
        "projection": "rigid",
        "processors": "minecraft:empty",
        "location": "mna_villages:general/villagers/villager"
      }
    },
    {
      "weight": 10,
      "element": {
        "element_type": "minecraft:single_pool_element",
        "projection": "rigid",
        "processors": "minecraft:empty",
        "location": "mna_villages:general/villagers/weaponsmith"
      }
    }
  ]
}