{
	"credit": "Made with Blockbench",
	"textures": {
		"2": "create:block/blaze_smouldering",
		"particle": "create:block/blaze_smouldering"
	},
	"elements": [
		{
			"name": "Blaze",
			"from": [6, 6, 6],
			"to": [10, 10, 10],
			"faces": {
				"north": {"uv": [0, 12, 4, 16], "texture": "#2"},
				"east": {"uv": [8, 12, 4, 16], "texture": "#2"},
				"south": {"uv": [4, 12, 8, 16], "texture": "#2"},
				"west": {"uv": [4, 12, 8, 16], "texture": "#2"},
				"up": {"uv": [8, 12, 12, 16], "texture": "#2"},
				"down": {"uv": [12, 12, 16, 16], "texture": "#2"}
			}
		}
	]
}