{
  "config": {
    "start_pool": "mna_villages:council/village/starts",
    "size": 7
  },
  "biomes": "#mna_villages:has_structure/council_village",
  "adapt_noise": true,
  "spawn_overrides": {
    "monster": {
      "bounding_box": "full",
      "spawns": [
        {
          "type": "mna:spell_breaker",
          "weight": 1,
          "minCount": 1,
          "maxCount": 3
        },
        {
          "type": "mna:witch_hunter",
          "weight": 1,
          "minCount": 1,
          "maxCount": 3
        }
      ]
    }
  },
  "type": "minecraft:village"
}
