{
  "config": {
    "start_pool": "mna_villages:demons/village/starts",
    "size": 7
  },
  "biomes": "#mna_villages:has_structure/demon_village",
  "adapt_noise": true,
  "spawn_overrides": {
    "monster": {
      "bounding_box": "full",
      "spawns": [
        {
          "type": "mna:demon_imp",
          "weight": 1,
          "minCount": 1,
          "maxCount": 3
        },
        {
          "type": "mna:lantern_wraith",
          "weight": 1,
          "minCount": 1,
          "maxCount": 3
        }
      ]
    }
  },
  "type": "minecraft:bastion_remnant"
}
