{
  "config": {
    "start_pool": "mna_villages:fey/village/starts",
    "size": 7
  },
  "biomes": "#mna_villages:has_structure/fey_village",
  "adapt_noise": true,
  "spawn_overrides": {
    "monster": {
      "bounding_box": "full",
      "spawns": [
        {
          "type": "mna:pixie",
          "weight": 1,
          "minCount": 1,
          "maxCount": 3
        },
        {
          "type": "mna:mushroom_soldier",
          "weight": 1,
          "minCount": 1,
          "maxCount": 3
        },
        {
          "type": "mna:barkling",
          "weight": 1,
          "minCount": 1,
          "maxCount": 2
        }
      ]
    }
  },
  "type": "minecraft:village"
}
