{
  "config": {
    "start_pool": "mna_villages:undead/village/starts",
    "size": 7
  },
  "biomes": "#mna_villages:has_structure/undead_village",
  "adapt_noise": true,
  "spawn_overrides": {
    "monster": {
      "bounding_box": "full",
      "spawns": [
        {
          "type": "mna:hulking_zombie",
          "weight": 1,
          "minCount": 1,
          "maxCount": 3
        },
        {
          "type": "mna:skeleton_assassin",
          "weight": 1,
          "minCount": 1,
          "maxCount": 3
        }
      ]
    }
  },
  "type": "minecraft:village"
}
