{
  "name": "minecraft:fey/village/streets",
  "fallback": "mna_villages:fey/village/terminators",
  "elements": [
    {
      "weight": 4,
      "element": {
        "element_type": "minecraft:legacy_single_pool_element",
        "projection": "rigid",
        "processors": "minecraft:empty",
        "location": "mna_villages:fey/village/bridges/small_bridge"
      }
    },
    {
      "weight": 8,
      "element": {
        "element_type": "minecraft:legacy_single_pool_element",
        "projection": "rigid",
        "processors": "minecraft:empty",
        "location": "mna_villages:fey/village/streets/long_bridge"
      }
    }  ]
}