{
  "name": "minecraft:fey/village/streets",
  "fallback": "mna_villages:fey/village/terminators",
  "elements": [
    {
      "weight": 4,
      "element": {
        "element_type": "minecraft:legacy_single_pool_element",
        "projection": "terrain_matching",
        "processors": "minecraft:empty",
        "location": "mna_villages:fey/village/streets/large_corner"
      }
    },
    {
      "weight": 8,
      "element": {
        "element_type": "minecraft:legacy_single_pool_element",
        "projection": "terrain_matching",
        "processors": "minecraft:empty",
        "location": "mna_villages:fey/village/streets/large_cross"
      }
    },
    {
      "weight": 6,
      "element": {
        "element_type": "minecraft:legacy_single_pool_element",
        "projection": "terrain_matching",
        "processors": "minecraft:empty",
        "location": "mna_villages:fey/village/streets/large_t"
      }
    },
    {
      "weight": 10,
      "element": {
        "element_type": "minecraft:legacy_single_pool_element",
        "projection": "terrain_matching",
        "processors": "minecraft:empty",
        "location": "mna_villages:fey/village/streets/med_straight"
      }
    },
    {
      "weight": 7,
      "element": {
        "element_type": "minecraft:legacy_single_pool_element",
        "projection": "terrain_matching",
        "processors": "minecraft:empty",
        "location": "mna_villages:fey/village/streets/short_stream_1"
      }
    },
    {
      "weight": 2,
      "element": {
        "element_type": "minecraft:legacy_single_pool_element",
        "projection": "terrain_matching",
        "processors": "minecraft:empty",
        "location": "mna_villages:fey/village/streets/small_corner"
      }
    },
    {
      "weight": 6,
      "element": {
        "element_type": "minecraft:legacy_single_pool_element",
        "projection": "terrain_matching",
        "processors": "minecraft:empty",
        "location": "mna_villages:fey/village/streets/small_cross"
      }
    },
    {
      "weight": 4,
      "element": {
        "element_type": "minecraft:legacy_single_pool_element",
        "projection": "terrain_matching",
        "processors": "minecraft:empty",
        "location": "mna_villages:fey/village/streets/small_t_corner"
      }
    },
    {
      "weight": 8,
      "element": {
        "element_type": "minecraft:legacy_single_pool_element",
        "projection": "terrain_matching",
        "processors": "minecraft:empty",
        "location": "mna_villages:fey/village/streets/thin_river_1"
      }
    },
    {
      "weight": 3,
      "element": {
        "element_type": "minecraft:legacy_single_pool_element",
        "projection": "terrain_matching",
        "processors": "minecraft:empty",
        "location": "mna_villages:fey/village/streets/tiny_straight"
      }
    }
  ]
}