{
	"ambientocclusion": false,
	"textures": {
		"particle": "block/cobblestone",
		"base": "block/cobblestone",
		"lever": "block/lever"
	},
	"elements": [
		{
			"from": [5, 4, 8],
			"to": [11, 12, 11],
			"rotation": {"angle": 0, "axis": "y", "origin": [8, 8, 3]},
			"faces": {
				"north": {"uv": [5, 4, 11, 12], "texture": "#base", "cullface": "down"},
				"east": {"uv": [4, 0, 12, 3], "rotation": 90, "texture": "#base", "cullface": "down"},
				"south": {"uv": [5, 4, 11, 12], "rotation": 180, "texture": "#base", "cullface": "down"},
				"west": {"uv": [4, 0, 12, 3], "rotation": 270, "texture": "#base"},
				"up": {"uv": [5, 0, 11, 3], "texture": "#base"},
				"down": {"uv": [5, 0, 11, 3], "rotation": 180, "texture": "#base", "cullface": "down"}
			}
		},
		{
			"from": [7, 7, 0],
			"to": [9, 9, 10],
			"rotation": {"angle": 45, "axis": "x", "origin": [8, 8, 10]},
			"faces": {
				"north": {"uv": [7, 6, 9, 8], "texture": "#lever"},
				"east": {"uv": [7, 6, 9, 16], "rotation": 90, "texture": "#lever"},
				"west": {"uv": [7, 6, 9, 16], "rotation": 270, "texture": "#lever"},
				"up": {"uv": [7, 6, 9, 16], "texture": "#lever"},
				"down": {"uv": [7, 6, 9, 16], "rotation": 180, "texture": "#lever"}
			}
		}
	],
	"display": {
		"thirdperson_righthand": {
			"rotation": [0, 90, 0],
			"translation": [-1, 1.25, 2],
			"scale": [0.55, 0.55, 0.55]
		},
		"thirdperson_lefthand": {
			"rotation": [0, 90, 0],
			"translation": [-1, 1.25, 2],
			"scale": [0.55, 0.55, 0.55]
		},
		"firstperson_righthand": {
			"rotation": [0, 45, 0],
			"translation": [0, 1.25, 0],
			"scale": [0.55, 0.55, 0.55]
		},
		"firstperson_lefthand": {
			"rotation": [0, 120, 0],
			"translation": [0, 1.25, 0],
			"scale": [0.55, 0.55, 0.55]
		},
		"ground": {
			"scale": [0.5, 0.5, 0.5]
		},
		"gui": {
			"rotation": [30, -135, 0],
			"translation": [0.75, -0.75, 0]
		},
		"head": {
			"translation": [0, 7, 0]
		},
		"fixed": {
			"translation": [0, -0.75, -1.5]
		}
	}
}