{
  "name": "minecraft:demon/village/dungeon/villagers",
  "fallback": "minecraft:empty",
  "elements": [
    {
      "weight": 1,
      "element": {
        "element_type": "minecraft:legacy_single_pool_element",
        "projection": "rigid",
        "processors": "minecraft:empty",
        "location": "mna_villages:demons/village/dungeons/villagers/barrel"
      }
    },
    {
      "weight": 1,
      "element": {
        "element_type": "minecraft:legacy_single_pool_element",
        "projection": "rigid",
        "processors": "minecraft:empty",
        "location": "mna_villages:demons/village/dungeons/villagers/jailbreak"
      }
    },
    {
      "weight": 1,
      "element": {
        "element_type": "minecraft:legacy_single_pool_element",
        "projection": "rigid",
        "processors": "minecraft:empty",
        "location": "mna_villages:demons/village/dungeons/villagers/blast"
      }
    },
    {
      "weight": 1,
      "element": {
        "element_type": "minecraft:legacy_single_pool_element",
        "projection": "rigid",
        "processors": "minecraft:empty",
        "location": "mna_villages:demons/village/dungeons/villagers/brewing"
      }
    },
    {
      "weight": 1,
      "element": {
        "element_type": "minecraft:legacy_single_pool_element",
        "projection": "rigid",
        "processors": "minecraft:empty",
        "location": "mna_villages:demons/village/dungeons/villagers/cartographer"
      }
    },
    {
      "weight": 1,
      "element": {
        "element_type": "minecraft:legacy_single_pool_element",
        "projection": "rigid",
        "processors": "minecraft:empty",
        "location": "mna_villages:demons/village/dungeons/villagers/cauldron"
      }
    },
    {
      "weight": 1,
      "element": {
        "element_type": "minecraft:legacy_single_pool_element",
        "projection": "rigid",
        "processors": "minecraft:empty",
        "location": "mna_villages:demons/village/dungeons/villagers/composter"
      }
    },
    {
      "weight": 1,
      "element": {
        "element_type": "minecraft:legacy_single_pool_element",
        "projection": "rigid",
        "processors": "minecraft:empty",
        "location": "mna_villages:demons/village/dungeons/villagers/fletcher"
      }
    },
    {
      "weight": 1,
      "element": {
        "element_type": "minecraft:legacy_single_pool_element",
        "projection": "rigid",
        "processors": "minecraft:empty",
        "location": "mna_villages:demons/village/dungeons/villagers/grindstone"
      }
    },
    {
      "weight": 1,
      "element": {
        "element_type": "minecraft:legacy_single_pool_element",
        "projection": "rigid",
        "processors": "minecraft:empty",
        "location": "mna_villages:demons/village/dungeons/villagers/lectern"
      }
    },
    {
      "weight": 1,
      "element": {
        "element_type": "minecraft:legacy_single_pool_element",
        "projection": "rigid",
        "processors": "minecraft:empty",
        "location": "mna_villages:demons/village/dungeons/villagers/loom"
      }
    },
    {
      "weight": 1,
      "element": {
        "element_type": "minecraft:legacy_single_pool_element",
        "projection": "rigid",
        "processors": "minecraft:empty",
        "location": "mna_villages:demons/village/dungeons/villagers/manaweave"
      }
    },
    {
      "weight": 1,
      "element": {
        "element_type": "minecraft:legacy_single_pool_element",
        "projection": "rigid",
        "processors": "minecraft:empty",
        "location": "mna_villages:demons/village/dungeons/villagers/runeforge"
      }
    },
    {
      "weight": 1,
      "element": {
        "element_type": "minecraft:legacy_single_pool_element",
        "projection": "rigid",
        "processors": "minecraft:empty",
        "location": "mna_villages:demons/village/dungeons/villagers/runescribe"
      }
    },
    {
      "weight": 1,
      "element": {
        "element_type": "minecraft:legacy_single_pool_element",
        "projection": "rigid",
        "processors": "minecraft:empty",
        "location": "mna_villages:demons/village/dungeons/villagers/smithing"
      }
    },
    {
      "weight": 1,
      "element": {
        "element_type": "minecraft:legacy_single_pool_element",
        "projection": "rigid",
        "processors": "minecraft:empty",
        "location": "mna_villages:demons/village/dungeons/villagers/smoker"
      }
    }
  ]
}